Timestamp,% Baseline
"""Oct 1, 2025 6am"",0.0076"
"""Oct 1, 2025 7am"",0.0072"
"""Oct 1, 2025 8am"",0.0051"
"""Oct 1, 2025 9am"",0.0055"
"""Oct 1, 2025 10am"",0.0059"
"""Oct 1, 2025 11am"",0.0044"
"""Oct 1, 2025 12pm"",0.0039"
"""Oct 1, 2025 1pm"",0.0051"
"""Oct 1, 2025 2pm"",0.0067"
"""Oct 1, 2025 3pm"",0.0052"
"""Oct 1, 2025 4pm"",0.0038"
"""Oct 1, 2025 5pm"",0.0061"
"""Oct 1, 2025 6pm"",0.0062"
"""Oct 1, 2025 7pm"",0.0051"
"""Oct 1, 2025 8pm"",0.0055"
"""Oct 1, 2025 9pm"",0.0068"
"""Oct 1, 2025 10pm"",0.0052"
"""Oct 1, 2025 11pm"",0.0051"
"""Oct 2, 2025 12am"",0.0015"
"""Oct 2, 2025 1am"",0.0014"
"""Oct 2, 2025 2am"",0.0065"
"""Oct 2, 2025 3am"",0.0045"
"""Oct 2, 2025 4am"",0.0037"
"""Oct 2, 2025 5am"",0.0048"
"""Oct 2, 2025 6am"",0.0068"
"""Oct 2, 2025 7am"",0.0084"
"""Oct 2, 2025 8am"",0.0032"
"""Oct 2, 2025 9am"",0.0062"
"""Oct 2, 2025 10am"",0.0056"
"""Oct 2, 2025 11am"",0.0058"
"""Oct 2, 2025 12pm"",0.0077"
"""Oct 2, 2025 1pm"",0.0042"
"""Oct 2, 2025 2pm"",0.0028"
"""Oct 2, 2025 3pm"",0.0035"
"""Oct 2, 2025 4pm"",0.0035"
"""Oct 2, 2025 5pm"",0.0036"
"""Oct 2, 2025 6pm"",0.0025"
"""Oct 2, 2025 7pm"",0.0042"
"""Oct 2, 2025 8pm"",0.0057"
"""Oct 2, 2025 9pm"",0.0035"
"""Oct 2, 2025 10pm"",0.0028"
"""Oct 2, 2025 11pm"",0.0032"
"""Oct 3, 2025 12am"",0.0078"
"""Oct 3, 2025 1am"",0.0041"
"""Oct 3, 2025 2am"",0.0039"
"""Oct 3, 2025 3am"",0.0048"
"""Oct 3, 2025 4am"",0.0034"
"""Oct 3, 2025 5am"",0.0026"
"""Oct 3, 2025 6am"",0.0032"
"""Oct 3, 2025 7am"",0.0013"
"""Oct 3, 2025 8am"",0.0045"
"""Oct 3, 2025 9am"",0.0037"
"""Oct 3, 2025 10am"",0.0014"
"""Oct 3, 2025 11am"",0.0048"
"""Oct 3, 2025 12pm"",0.0052"
"""Oct 3, 2025 1pm"",0.0048"
"""Oct 3, 2025 2pm"",0.0041"
"""Oct 3, 2025 3pm"",0.0051"
"""Oct 3, 2025 4pm"",0.0024"
"""Oct 3, 2025 5pm"",0.0073"
"""Oct 3, 2025 6pm"",0.0064"
"""Oct 3, 2025 7pm"",0.0047"
"""Oct 3, 2025 8pm"",0.0017"
"""Oct 3, 2025 9pm"",0.0062"
"""Oct 3, 2025 10pm"",0.0069"
"""Oct 3, 2025 11pm"",0.0025"
"""Oct 4, 2025 12am"",0.002"
"""Oct 4, 2025 1am"",0.0038"
"""Oct 4, 2025 2am"",0.003"
"""Oct 4, 2025 3am"",0.0045"
"""Oct 4, 2025 4am"",0.006"
"""Oct 4, 2025 5am"",0.0078"
"""Oct 4, 2025 6am"",0.0068"
"""Oct 4, 2025 7am"",0.0076"
"""Oct 4, 2025 8am"",0.0081"
"""Oct 4, 2025 9am"",0.0069"
"""Oct 4, 2025 10am"",0.0057"
"""Oct 4, 2025 11am"",0.0037"
"""Oct 4, 2025 12pm"",0.0052"
"""Oct 4, 2025 1pm"",0.0078"
"""Oct 4, 2025 2pm"",0.005"
"""Oct 4, 2025 3pm"",0.0064"
"""Oct 4, 2025 4pm"",0.0049"
"""Oct 4, 2025 5pm"",0.0047"
"""Oct 4, 2025 6pm"",0.007"
"""Oct 4, 2025 7pm"",0.0017"
"""Oct 4, 2025 8pm"",0.0049"
"""Oct 4, 2025 9pm"",0.0063"
"""Oct 4, 2025 10pm"",0.0039"
"""Oct 4, 2025 11pm"",0.0076"
"""Oct 5, 2025 12am"",0.0051"
"""Oct 5, 2025 1am"",0.0083"
"""Oct 5, 2025 2am"",0.0047"
"""Oct 5, 2025 3am"",0.0037"
"""Oct 5, 2025 4am"",0.0072"
"""Oct 5, 2025 5am"",0.0033"
"""Oct 5, 2025 6am"",0.0049"
"""Oct 5, 2025 7am"",0.0042"
"""Oct 5, 2025 8am"",0.0044"
"""Oct 5, 2025 9am"",0.0053"
"""Oct 5, 2025 10am"",0.0053"
"""Oct 5, 2025 11am"",0.005"
"""Oct 5, 2025 12pm"",0.0058"
"""Oct 5, 2025 1pm"",0.0042"
"""Oct 5, 2025 2pm"",0.0057"
"""Oct 5, 2025 3pm"",0.0053"
"""Oct 5, 2025 4pm"",0.0067"
"""Oct 5, 2025 5pm"",0.006"
"""Oct 5, 2025 6pm"",0.0068"
"""Oct 5, 2025 7pm"",0.0032"
"""Oct 5, 2025 8pm"",0.0023"
"""Oct 5, 2025 9pm"",0.0059"
"""Oct 5, 2025 10pm"",0.0061"
"""Oct 5, 2025 11pm"",0.002"
"""Oct 6, 2025 12am"",0.007"
"""Oct 6, 2025 1am"",0.0048"
"""Oct 6, 2025 2am"",0.0046"
"""Oct 6, 2025 3am"",0.0043"
"""Oct 6, 2025 4am"",0.0028"
"""Oct 6, 2025 5am"",0.0042"
"""Oct 6, 2025 6am"",0.0071"
"""Oct 6, 2025 7am"",0.0033"
"""Oct 6, 2025 8am"",0.0024"
"""Oct 6, 2025 9am"",0.0062"
"""Oct 6, 2025 10am"",0.0024"
"""Oct 6, 2025 11am"",0.0026"
"""Oct 6, 2025 12pm"",0.0058"
"""Oct 6, 2025 1pm"",0.0045"
"""Oct 6, 2025 2pm"",0.006"
"""Oct 6, 2025 3pm"",0.0057"
"""Oct 6, 2025 4pm"",0.0056"
"""Oct 6, 2025 5pm"",0.0055"
"""Oct 6, 2025 6pm"",0.0054"
"""Oct 6, 2025 7pm"",0.0048"
"""Oct 6, 2025 8pm"",0.0081"
"""Oct 6, 2025 9pm"",0.0039"
"""Oct 6, 2025 10pm"",0.004"
"""Oct 6, 2025 11pm"",0.0068"
"""Oct 7, 2025 12am"",0.0083"
"""Oct 7, 2025 1am"",0.0058"
"""Oct 7, 2025 2am"",0.0028"
"""Oct 7, 2025 3am"",0.0016"
"""Oct 7, 2025 4am"",0.002"
"""Oct 7, 2025 5am"",0.0034"
"""Oct 7, 2025 6am"",0.0031"
"""Oct 7, 2025 7am"",0.0072"
"""Oct 7, 2025 8am"",0.0049"
"""Oct 7, 2025 9am"",0.0015"
"""Oct 7, 2025 10am"",0.0017"
"""Oct 7, 2025 11am"",0.0034"
"""Oct 7, 2025 12pm"",0.0049"
"""Oct 7, 2025 1pm"",0.0065"
"""Oct 7, 2025 2pm"",0.0044"
"""Oct 7, 2025 3pm"",0.0057"
"""Oct 7, 2025 4pm"",0.0059"
"""Oct 7, 2025 5pm"",0.0045"
"""Oct 7, 2025 6pm"",0.0065"
"""Oct 7, 2025 7pm"",0.0038"
"""Oct 7, 2025 8pm"",0.0075"
"""Oct 7, 2025 9pm"",0.004"
"""Oct 7, 2025 10pm"",0.0075"
"""Oct 7, 2025 11pm"",0.0044"
"""Oct 8, 2025 12am"",0.0055"
"""Oct 8, 2025 1am"",0.0048"
"""Oct 8, 2025 2am"",0.0038"
"""Oct 8, 2025 3am"",0.0074"
"""Oct 8, 2025 4am"",0.0083"
"""Oct 8, 2025 5am"",0.0077"
"""Oct 8, 2025 6am"",0.0083"
"""Oct 8, 2025 7am"",0.0071"
"""Oct 8, 2025 8am"",0.0047"
"""Oct 8, 2025 9am"",0.003"
"""Oct 8, 2025 10am"",0.0051"
"""Oct 8, 2025 11am"",0.0054"
"""Oct 8, 2025 12pm"",0.0057"
"""Oct 8, 2025 1pm"",0.0068"
"""Oct 8, 2025 2pm"",0.0042"
"""Oct 8, 2025 3pm"",0.0035"
"""Oct 8, 2025 4pm"",0.0041"
"""Oct 8, 2025 5pm"",0.0044"
"""Oct 8, 2025 6pm"",0.005"
"""Oct 8, 2025 7pm"",0.002"
"""Oct 8, 2025 8pm"",0.0053"
"""Oct 8, 2025 9pm"",0.0077"
"""Oct 8, 2025 10pm"",0.0073"
"""Oct 8, 2025 11pm"",0.0022"
"""Oct 9, 2025 12am"",0.0049"
"""Oct 9, 2025 1am"",0.0073"
"""Oct 9, 2025 2am"",0.0036"
"""Oct 9, 2025 3am"",0.0051"
"""Oct 9, 2025 4am"",0.0061"
"""Oct 9, 2025 5am"",0.0058"
"""Oct 9, 2025 6am"",0.0023"
"""Oct 9, 2025 7am"",0.0035"
"""Oct 9, 2025 8am"",0.007"
"""Oct 9, 2025 9am"",0.0034"
"""Oct 9, 2025 10am"",0.0064"
"""Oct 9, 2025 11am"",0.0038"
"""Oct 9, 2025 12pm"",0.0046"
"""Oct 9, 2025 1pm"",0.0053"
"""Oct 9, 2025 2pm"",0.0047"
"""Oct 9, 2025 3pm"",0.0033"
"""Oct 9, 2025 4pm"",0.0046"
"""Oct 9, 2025 5pm"",0.0071"
"""Oct 9, 2025 6pm"",0.0024"
"""Oct 9, 2025 7pm"",0.0032"
"""Oct 9, 2025 8pm"",0.008"
"""Oct 9, 2025 9pm"",0.0074"
"""Oct 9, 2025 10pm"",0.0031"
"""Oct 9, 2025 11pm"",0.0026"
"""Oct 10, 2025 12am"",0.0054"
"""Oct 10, 2025 1am"",0.0042"
"""Oct 10, 2025 2am"",0.0027"
"""Oct 10, 2025 3am"",0.0039"
"""Oct 10, 2025 4am"",0.0042"
"""Oct 10, 2025 5am"",0.006"
"""Oct 10, 2025 6am"",0.0054"
"""Oct 10, 2025 7am"",0.005"
"""Oct 10, 2025 8am"",0.0075"
"""Oct 10, 2025 9am"",0.0035"
"""Oct 10, 2025 10am"",0.008"
"""Oct 10, 2025 11am"",0.0071"
"""Oct 10, 2025 12pm"",0.0063"
"""Oct 10, 2025 1pm"",0.005"
"""Oct 10, 2025 2pm"",0.0069"
"""Oct 10, 2025 3pm"",0.0063"
"""Oct 10, 2025 4pm"",0.0074"
"""Oct 10, 2025 5pm"",0.0063"
"""Oct 10, 2025 6pm"",0.0023"
"""Oct 10, 2025 7pm"",0.0078"
"""Oct 10, 2025 8pm"",0.0064"
"""Oct 10, 2025 9pm"",0.0055"
"""Oct 10, 2025 10pm"",0.005"
"""Oct 10, 2025 11pm"",0.0065"
"""Oct 11, 2025 12am"",0.0022"
"""Oct 11, 2025 1am"",0.0057"
"""Oct 11, 2025 2am"",0.0052"
"""Oct 11, 2025 3am"",0.0068"
"""Oct 11, 2025 4am"",0.0026"
"""Oct 11, 2025 5am"",0.0089"
"""Oct 11, 2025 6am"",0.0082"
"""Oct 11, 2025 7am"",0.0079"
"""Oct 11, 2025 8am"",0.009"
"""Oct 11, 2025 9am"",0.0072"
"""Oct 11, 2025 10am"",0.0074"
"""Oct 11, 2025 11am"",0.0029"
"""Oct 11, 2025 12pm"",0.004"
"""Oct 11, 2025 1pm"",0.007"
"""Oct 11, 2025 2pm"",0.006"
"""Oct 11, 2025 3pm"",0.0083"
"""Oct 11, 2025 4pm"",0.006"
"""Oct 11, 2025 5pm"",0.0052"
"""Oct 11, 2025 6pm"",0.0042"
"""Oct 11, 2025 7pm"",0.0052"
"""Oct 11, 2025 8pm"",0.0032"
"""Oct 11, 2025 9pm"",0.0071"
"""Oct 11, 2025 10pm"",0.0079"
"""Oct 11, 2025 11pm"",0.0046"
"""Oct 12, 2025 12am"",0.0033"
"""Oct 12, 2025 1am"",0.0033"
"""Oct 12, 2025 2am"",0.0026"
"""Oct 12, 2025 3am"",0.0027"
"""Oct 12, 2025 4am"",0.0023"
"""Oct 12, 2025 5am"",0.0036"
"""Oct 12, 2025 6am"",0.0027"
"""Oct 12, 2025 7am"",0.0074"
"""Oct 12, 2025 8am"",0.0054"
"""Oct 12, 2025 9am"",0.0054"
"""Oct 12, 2025 10am"",0.0053"
"""Oct 12, 2025 11am"",0.0031"
"""Oct 12, 2025 12pm"",0.0055"
"""Oct 12, 2025 1pm"",0.0073"
"""Oct 12, 2025 2pm"",0.0059"
"""Oct 12, 2025 3pm"",0.0049"
"""Oct 12, 2025 4pm"",0.0051"
"""Oct 12, 2025 5pm"",0.0027"
"""Oct 12, 2025 6pm"",0.0046"
"""Oct 12, 2025 7pm"",0.0028"
"""Oct 12, 2025 8pm"",0.0047"
"""Oct 12, 2025 9pm"",0.0059"
"""Oct 12, 2025 10pm"",0.0022"
"""Oct 12, 2025 11pm"",0.0022"
"""Oct 13, 2025 12am"",0.003"
"""Oct 13, 2025 1am"",0.0036"
"""Oct 13, 2025 2am"",0.0045"
"""Oct 13, 2025 3am"",0.0058"
"""Oct 13, 2025 4am"",0.0065"
"""Oct 13, 2025 5am"",0.004"
"""Oct 13, 2025 6am"",0.0031"
"""Oct 13, 2025 7am"",0.0048"
"""Oct 13, 2025 8am"",0.0052"
"""Oct 13, 2025 9am"",0.0056"
"""Oct 13, 2025 10am"",0.0035"
"""Oct 13, 2025 11am"",0.0024"
"""Oct 13, 2025 12pm"",0.0053"
"""Oct 13, 2025 1pm"",0.0034"
"""Oct 13, 2025 2pm"",0.0045"
"""Oct 13, 2025 3pm"",0.0031"
"""Oct 13, 2025 4pm"",0.0022"
"""Oct 13, 2025 5pm"",0.002"
"""Oct 13, 2025 6pm"",0.0067"
"""Oct 13, 2025 7pm"",0.0078"
"""Oct 13, 2025 8pm"",0.0081"
"""Oct 13, 2025 9pm"",0.0033"
"""Oct 13, 2025 10pm"",0.0051"
"""Oct 13, 2025 11pm"",0.0041"
"""Oct 14, 2025 12am"",0.0029"
"""Oct 14, 2025 1am"",0.0061"
"""Oct 14, 2025 2am"",0.007"
"""Oct 14, 2025 3am"",0.0052"
"""Oct 14, 2025 4am"",0.004"
"""Oct 14, 2025 5am"",0.0031"
"""Oct 14, 2025 6am"",0.0055"
"""Oct 14, 2025 7am"",0.0076"
"""Oct 14, 2025 8am"",0.0064"
"""Oct 14, 2025 9am"",0.0035"
"""Oct 14, 2025 10am"",0.0061"
"""Oct 14, 2025 11am"",0.0038"
"""Oct 14, 2025 12pm"",0.0029"
"""Oct 14, 2025 1pm"",0.0065"
"""Oct 14, 2025 2pm"",0.0049"
"""Oct 14, 2025 3pm"",0.003"
"""Oct 14, 2025 4pm"",0.0058"
"""Oct 14, 2025 5pm"",0.0051"
"""Oct 14, 2025 6pm"",0.0029"
"""Oct 14, 2025 7pm"",0.0061"
"""Oct 14, 2025 8pm"",0.0056"
"""Oct 14, 2025 9pm"",0.005"
"""Oct 14, 2025 10pm"",0.005"
"""Oct 14, 2025 11pm"",0.0024"
"""Oct 15, 2025 12am"",0.0024"
"""Oct 15, 2025 1am"",0.0061"
"""Oct 15, 2025 2am"",0.0056"
"""Oct 15, 2025 3am"",0.0019"
"""Oct 15, 2025 4am"",0.0058"
"""Oct 15, 2025 5am"",0.0044"
"""Oct 15, 2025 6am"",0.0026"
"""Oct 15, 2025 7am"",0.004"
"""Oct 15, 2025 8am"",0.0035"
"""Oct 15, 2025 9am"",0.0014"
"""Oct 15, 2025 10am"",0.0017"
"""Oct 15, 2025 11am"",0.0035"
"""Oct 15, 2025 12pm"",0.0074"
"""Oct 15, 2025 1pm"",0.0037"
"""Oct 15, 2025 2pm"",0.0049"
"""Oct 15, 2025 3pm"",0.0053"
"""Oct 15, 2025 4pm"",0.0052"
"""Oct 15, 2025 5pm"",0.0063"
"""Oct 15, 2025 6pm"",0.0043"
"""Oct 15, 2025 7pm"",0.0023"
"""Oct 15, 2025 8pm"",0.0025"
"""Oct 15, 2025 9pm"",0.004"
"""Oct 15, 2025 10pm"",0.0074"
"""Oct 15, 2025 11pm"",0.0071"
"""Oct 16, 2025 12am"",0.009"
"""Oct 16, 2025 1am"",0.0082"
"""Oct 16, 2025 2am"",0.0091"
"""Oct 16, 2025 3am"",0.0083"
"""Oct 16, 2025 4am"",0.0079"
"""Oct 16, 2025 5am"",0.0057"
"""Oct 16, 2025 6am"",0.0051"
"""Oct 16, 2025 7am"",0.0037"
"""Oct 16, 2025 8am"",0.0033"
"""Oct 16, 2025 9am"",0.0037"
"""Oct 16, 2025 10am"",0.0073"
"""Oct 16, 2025 11am"",0.0019"
"""Oct 16, 2025 12pm"",0.0037"
"""Oct 16, 2025 1pm"",0.0021"
"""Oct 16, 2025 2pm"",0.0075"
"""Oct 16, 2025 3pm"",0.0057"
"""Oct 16, 2025 4pm"",0.0039"
"""Oct 16, 2025 5pm"",0.0043"
"""Oct 16, 2025 6pm"",0.0025"
"""Oct 16, 2025 7pm"",0.0073"
"""Oct 16, 2025 8pm"",0.0047"
"""Oct 16, 2025 9pm"",0.0074"
"""Oct 16, 2025 10pm"",0.0037"
"""Oct 16, 2025 11pm"",0.0054"
"""Oct 17, 2025 12am"",0.008"
"""Oct 17, 2025 1am"",0.008"
"""Oct 17, 2025 2am"",0.0072"
"""Oct 17, 2025 3am"",0.0068"
"""Oct 17, 2025 4am"",0.008"
"""Oct 17, 2025 5am"",0.0076"
"""Oct 17, 2025 6am"",0.0079"
"""Oct 17, 2025 7am"",0.0032"
"""Oct 17, 2025 8am"",0.0073"
"""Oct 17, 2025 9am"",0.0058"
"""Oct 17, 2025 10am"",0.0032"
"""Oct 17, 2025 11am"",0.0035"
"""Oct 17, 2025 12pm"",0.0018"
"""Oct 17, 2025 1pm"",0.0052"
"""Oct 17, 2025 2pm"",0.0043"
"""Oct 17, 2025 3pm"",0.0064"
"""Oct 17, 2025 4pm"",0.0029"
"""Oct 17, 2025 5pm"",0.0049"
"""Oct 17, 2025 6pm"",0.0057"
"""Oct 17, 2025 7pm"",0.0061"
"""Oct 17, 2025 8pm"",0.0042"
"""Oct 17, 2025 9pm"",0.005"
"""Oct 17, 2025 10pm"",0.0044"
"""Oct 17, 2025 11pm"",0.0055"
"""Oct 18, 2025 12am"",0.0034"
"""Oct 18, 2025 1am"",0.0051"
"""Oct 18, 2025 2am"",0.0059"
"""Oct 18, 2025 3am"",0.0047"
"""Oct 18, 2025 4am"",0.0029"
"""Oct 18, 2025 5am"",0.0047"
"""Oct 18, 2025 6am"",0.005"
"""Oct 18, 2025 7am"",0.0052"
"""Oct 18, 2025 8am"",0.0065"
"""Oct 18, 2025 9am"",0.0041"
"""Oct 18, 2025 10am"",0.0027"
"""Oct 18, 2025 11am"",0.0073"
"""Oct 18, 2025 12pm"",0.0028"
"""Oct 18, 2025 1pm"",0.0036"
"""Oct 18, 2025 2pm"",0.0061"
"""Oct 18, 2025 3pm"",0.0066"
"""Oct 18, 2025 4pm"",0.0066"
"""Oct 18, 2025 5pm"",0.0081"
"""Oct 18, 2025 6pm"",0.0086"
"""Oct 18, 2025 7pm"",0.0078"
"""Oct 18, 2025 8pm"",0.0032"
"""Oct 18, 2025 9pm"",0.006"
"""Oct 18, 2025 10pm"",0.0079"
"""Oct 18, 2025 11pm"",0.0034"
"""Oct 19, 2025 12am"",0.0022"
"""Oct 19, 2025 1am"",0.0035"
"""Oct 19, 2025 2am"",0.0053"
"""Oct 19, 2025 3am"",0.0018"
"""Oct 19, 2025 4am"",0.0039"
"""Oct 19, 2025 5am"",0.0052"
"""Oct 19, 2025 6am"",0.0035"
"""Oct 19, 2025 7am"",0.0022"
"""Oct 19, 2025 8am"",0.0076"
"""Oct 19, 2025 9am"",0.0067"
"""Oct 19, 2025 10am"",0.0058"
"""Oct 19, 2025 11am"",0.0024"
"""Oct 19, 2025 12pm"",0.0044"
"""Oct 19, 2025 1pm"",0.0069"
"""Oct 19, 2025 2pm"",0.0054"
"""Oct 19, 2025 3pm"",0.0053"
"""Oct 19, 2025 4pm"",0.0079"
"""Oct 19, 2025 5pm"",0.006"
"""Oct 19, 2025 6pm"",0.0057"
"""Oct 19, 2025 7pm"",0.0077"
"""Oct 19, 2025 8pm"",0.0024"
"""Oct 19, 2025 9pm"",0.0049"
"""Oct 19, 2025 10pm"",0.0072"
"""Oct 19, 2025 11pm"",0.0032"
"""Oct 20, 2025 12am"",0.0072"
"""Oct 20, 2025 1am"",0.0064"
"""Oct 20, 2025 2am"",0.008"
"""Oct 20, 2025 3am"",0.0055"
"""Oct 20, 2025 4am"",0.0044"
"""Oct 20, 2025 5am"",0.0078"
"""Oct 20, 2025 6am"",0.0051"
"""Oct 20, 2025 7am"",0.0037"
"""Oct 20, 2025 8am"",0.0072"
"""Oct 20, 2025 9am"",0.0047"
"""Oct 20, 2025 10am"",0.0026"
"""Oct 20, 2025 11am"",0.0057"
"""Oct 20, 2025 12pm"",0.0062"
"""Oct 20, 2025 1pm"",0.0038"
"""Oct 20, 2025 2pm"",0.0043"
"""Oct 20, 2025 3pm"",0.0042"
"""Oct 20, 2025 4pm"",0.0035"
"""Oct 20, 2025 5pm"",0.003"
"""Oct 20, 2025 6pm"",0.0071"
"""Oct 20, 2025 7pm"",0.0074"
"""Oct 20, 2025 8pm"",0.0049"
"""Oct 20, 2025 9pm"",0.0022"
"""Oct 20, 2025 10pm"",0.0062"
"""Oct 20, 2025 11pm"",0.0042"
"""Oct 21, 2025 12am"",0.0039"
"""Oct 21, 2025 1am"",0.0042"
"""Oct 21, 2025 2am"",0.0027"
"""Oct 21, 2025 3am"",0.0056"
"""Oct 21, 2025 4am"",0.0065"
"""Oct 21, 2025 5am"",0.0021"
"""Oct 21, 2025 6am"",0.0051"
"""Oct 21, 2025 7am"",0.0034"
"""Oct 21, 2025 8am"",0.0049"
"""Oct 21, 2025 9am"",0.0045"
"""Oct 21, 2025 10am"",0.005"
"""Oct 21, 2025 11am"",0.0058"
"""Oct 21, 2025 12pm"",0.007"
"""Oct 21, 2025 1pm"",0.0053"
"""Oct 21, 2025 2pm"",0.004"
"""Oct 21, 2025 3pm"",0.0056"
"""Oct 21, 2025 4pm"",0.0027"
"""Oct 21, 2025 5pm"",0.0046"
"""Oct 21, 2025 6pm"",0.0021"
"""Oct 21, 2025 7pm"",0.0037"
"""Oct 21, 2025 8pm"",0.0056"
"""Oct 21, 2025 9pm"",0.0057"
"""Oct 21, 2025 10pm"",0.0082"
"""Oct 21, 2025 11pm"",0.0073"
"""Oct 22, 2025 12am"",0.0054"
"""Oct 22, 2025 1am"",0.0042"
"""Oct 22, 2025 2am"",0.0018"
"""Oct 22, 2025 3am"",0.0022"
"""Oct 22, 2025 4am"",0.0025"
"""Oct 22, 2025 5am"",0.0067"
"""Oct 22, 2025 6am"",0.0038"
"""Oct 22, 2025 7am"",0.0057"
"""Oct 22, 2025 8am"",0.0065"
"""Oct 22, 2025 9am"",0.0078"
"""Oct 22, 2025 10am"",0.0065"
"""Oct 22, 2025 11am"",0.0039"
"""Oct 22, 2025 12pm"",0.0044"
"""Oct 22, 2025 1pm"",0.0025"
"""Oct 22, 2025 2pm"",0.0059"
"""Oct 22, 2025 3pm"",0.0043"
"""Oct 22, 2025 4pm"",0.0052"
"""Oct 22, 2025 5pm"",0.0035"
"""Oct 22, 2025 6pm"",0.0051"
"""Oct 22, 2025 7pm"",0.0054"
"""Oct 22, 2025 8pm"",0.0054"
"""Oct 22, 2025 9pm"",0.0033"
"""Oct 22, 2025 10pm"",0.0039"
"""Oct 22, 2025 11pm"",0.0063"
"""Oct 23, 2025 12am"",0.0068"
"""Oct 23, 2025 1am"",0.0048"
"""Oct 23, 2025 2am"",0.0071"
"""Oct 23, 2025 3am"",0.003"
"""Oct 23, 2025 4am"",0.0023"
"""Oct 23, 2025 5am"",0.0032"
"""Oct 23, 2025 6am"",0.0088"
"""Oct 23, 2025 7am"",0.0088"
"""Oct 23, 2025 8am"",0.0053"
"""Oct 23, 2025 9am"",0.0052"
"""Oct 23, 2025 10am"",0.0063"
"""Oct 23, 2025 11am"",0.0066"
"""Oct 23, 2025 12pm"",0.0074"
"""Oct 23, 2025 1pm"",0.0083"
"""Oct 23, 2025 2pm"",0.0078"
"""Oct 23, 2025 3pm"",0.0076"
"""Oct 23, 2025 4pm"",0.0053"
"""Oct 23, 2025 5pm"",0.0063"
"""Oct 23, 2025 6pm"",0.0061"
"""Oct 23, 2025 7pm"",0.0043"
"""Oct 23, 2025 8pm"",0.0049"
"""Oct 23, 2025 9pm"",0.0079"
"""Oct 23, 2025 10pm"",0.0024"
"""Oct 23, 2025 11pm"",0.0061"
"""Oct 24, 2025 12am"",0.0078"
"""Oct 24, 2025 1am"",0.007"
"""Oct 24, 2025 2am"",0.0024"
"""Oct 24, 2025 3am"",0.0052"
"""Oct 24, 2025 4am"",0.0049"
"""Oct 24, 2025 5am"",0.0056"
"""Oct 24, 2025 6am"",0.0058"
"""Oct 24, 2025 7am"",0.0029"
"""Oct 24, 2025 8am"",0.0017"
"""Oct 24, 2025 9am"",0.006"
"""Oct 24, 2025 10am"",0.0055"
"""Oct 24, 2025 11am"",0.0018"
"""Oct 24, 2025 12pm"",0.0057"
"""Oct 24, 2025 1pm"",0.0015"
"""Oct 24, 2025 2pm"",0.0074"
"""Oct 24, 2025 3pm"",0.0023"
"""Oct 24, 2025 4pm"",0.0042"
"""Oct 24, 2025 5pm"",0.004"
"""Oct 24, 2025 6pm"",0.004"
"""Oct 24, 2025 7pm"",0.0027"
"""Oct 24, 2025 8pm"",0.0046"
"""Oct 24, 2025 9pm"",0.0049"
"""Oct 24, 2025 10pm"",0.0047"
"""Oct 24, 2025 11pm"",0.008"
"""Oct 25, 2025 12am"",0.0045"
"""Oct 25, 2025 1am"",0.0045"
"""Oct 25, 2025 2am"",0.0083"
"""Oct 25, 2025 3am"",0.007"
"""Oct 25, 2025 4am"",0.0082"
"""Oct 25, 2025 5am"",0.0077"
"""Oct 25, 2025 6am"",0.0057"
"""Oct 25, 2025 7am"",0.0015"
"""Oct 25, 2025 8am"",0.0025"
"""Oct 25, 2025 9am"",0.0029"
"""Oct 25, 2025 10am"",0.0072"
"""Oct 25, 2025 11am"",0.0061"
"""Oct 25, 2025 12pm"",0.0035"
"""Oct 25, 2025 1pm"",0.0078"
"""Oct 25, 2025 2pm"",0.0068"
"""Oct 25, 2025 3pm"",0.0035"
"""Oct 25, 2025 4pm"",0.0028"
"""Oct 25, 2025 5pm"",0.0047"
"""Oct 25, 2025 6pm"",0.007"
"""Oct 25, 2025 7pm"",0.0044"
"""Oct 25, 2025 8pm"",0.0024"
"""Oct 25, 2025 9pm"",0.0026"
"""Oct 25, 2025 10pm"",0.0057"
"""Oct 25, 2025 11pm"",0.005"
"""Oct 26, 2025 12am"",0.0037"
"""Oct 26, 2025 1am"",0.0066"
"""Oct 26, 2025 2am"",0.0081"
"""Oct 26, 2025 3am"",0.0034"
"""Oct 26, 2025 4am"",0.0084"
"""Oct 26, 2025 5am"",0.0053"
"""Oct 26, 2025 6am"",0.0077"
"""Oct 26, 2025 7am"",0.0041"
"""Oct 26, 2025 8am"",0.002"
"""Oct 26, 2025 9am"",0.0055"
"""Oct 26, 2025 10am"",0.0063"
"""Oct 26, 2025 11am"",0.0084"
"""Oct 26, 2025 12pm"",0.0039"
"""Oct 26, 2025 1pm"",0.0055"
"""Oct 26, 2025 2pm"",0.0057"
"""Oct 26, 2025 3pm"",0.0072"
"""Oct 26, 2025 4pm"",0.007"
"""Oct 26, 2025 5pm"",0.0049"
"""Oct 26, 2025 6pm"",0.0026"
"""Oct 26, 2025 7pm"",0.0054"
"""Oct 26, 2025 8pm"",0.0077"
"""Oct 26, 2025 9pm"",0.0038"
"""Oct 26, 2025 10pm"",0.0053"
"""Oct 26, 2025 11pm"",0.0063"
"""Oct 27, 2025 12am"",0.0072"
"""Oct 27, 2025 1am"",0.0079"
"""Oct 27, 2025 2am"",0.0048"
"""Oct 27, 2025 3am"",0.0057"
"""Oct 27, 2025 4am"",0.0077"
"""Oct 27, 2025 5am"",0.005"
"""Oct 27, 2025 6am"",0.0047"
"""Oct 27, 2025 7am"",0.0053"
"""Oct 27, 2025 8am"",0.0061"
"""Oct 27, 2025 9am"",0.0077"
"""Oct 27, 2025 10am"",0.0064"
"""Oct 27, 2025 11am"",0.0069"
"""Oct 27, 2025 12pm"",0.0026"
"""Oct 27, 2025 1pm"",0.0026"
"""Oct 27, 2025 2pm"",0.0029"
"""Oct 27, 2025 3pm"",0.003"
"""Oct 27, 2025 4pm"",0.005"
"""Oct 27, 2025 5pm"",0.0064"
"""Oct 27, 2025 6pm"",0.0033"
"""Oct 27, 2025 7pm"",0.002"
"""Oct 27, 2025 8pm"",0.0041"
"""Oct 27, 2025 9pm"",0.0068"
"""Oct 27, 2025 10pm"",0.0051"
"""Oct 27, 2025 11pm"",0.007"
"""Oct 28, 2025 12am"",0.0043"
"""Oct 28, 2025 1am"",0.0054"
"""Oct 28, 2025 2am"",0.0064"
"""Oct 28, 2025 3am"",0.0069"
"""Oct 28, 2025 4am"",0.0046"
"""Oct 28, 2025 5am"",0.005"
"""Oct 28, 2025 6am"",0.0035"
"""Oct 28, 2025 7am"",0.0051"
"""Oct 28, 2025 8am"",0.006"
"""Oct 28, 2025 9am"",0.0048"
"""Oct 28, 2025 10am"",0.005"
"""Oct 28, 2025 11am"",0.0072"
"""Oct 28, 2025 12pm"",0.0035"
"""Oct 28, 2025 1pm"",0.0034"
"""Oct 28, 2025 2pm"",0.0026"
"""Oct 28, 2025 3pm"",0.0047"
"""Oct 28, 2025 4pm"",0.004"
"""Oct 28, 2025 5pm"",0.0078"
"""Oct 28, 2025 6pm"",0.0062"
"""Oct 28, 2025 7pm"",0.0054"
"""Oct 28, 2025 8pm"",0.0029"
"""Oct 28, 2025 9pm"",0.0069"
"""Oct 28, 2025 10pm"",0.0054"
"""Oct 28, 2025 11pm"",0.0045"
"""Oct 29, 2025 12am"",0.0055"
"""Oct 29, 2025 1am"",0.0039"
"""Oct 29, 2025 2am"",0.0072"
"""Oct 29, 2025 3am"",0.0083"
"""Oct 29, 2025 4am"",0.0073"
"""Oct 29, 2025 5am"",0.003"
"""Oct 29, 2025 6am"",0.0055"
"""Oct 29, 2025 7am"",0.0035"
"""Oct 29, 2025 8am"",0.006"
"""Oct 29, 2025 9am"",0.0057"
"""Oct 29, 2025 10am"",0.0067"
"""Oct 29, 2025 11am"",0.0043"
"""Oct 29, 2025 12pm"",0.0041"
"""Oct 29, 2025 1pm"",0.006"
"""Oct 29, 2025 2pm"",0.0052"
"""Oct 29, 2025 3pm"",0.0051"
"""Oct 29, 2025 4pm"",0.0064"
"""Oct 29, 2025 5pm"",0.0077"
"""Oct 29, 2025 6pm"",0.0049"
"""Oct 29, 2025 7pm"",0.0048"
"""Oct 29, 2025 8pm"",0.0045"
"""Oct 29, 2025 9pm"",0.0055"
"""Oct 29, 2025 10pm"",0.0053"
"""Oct 29, 2025 11pm"",0.0079"
"""Oct 30, 2025 12am"",0.0035"
"""Oct 30, 2025 1am"",0.005"
"""Oct 30, 2025 2am"",0.0081"
"""Oct 30, 2025 3am"",0.004"
"""Oct 30, 2025 4am"",0.009"
"""Oct 30, 2025 5am"",0.0039"
"""Oct 30, 2025 6am"",0.0048"
"""Oct 30, 2025 7am"",0.0031"
"""Oct 30, 2025 8am"",0.0047"
"""Oct 30, 2025 9am"",0.0071"
"""Oct 30, 2025 10am"",0.0075"
"""Oct 30, 2025 11am"",0.0025"
"""Oct 30, 2025 12pm"",0.0024"
"""Oct 30, 2025 1pm"",0.004"
"""Oct 30, 2025 2pm"",0.0072"
"""Oct 30, 2025 3pm"",0.0055"
"""Oct 30, 2025 4pm"",0.0042"
"""Oct 30, 2025 5pm"",0.0047"
"""Oct 30, 2025 6pm"",0.0073"
"""Oct 30, 2025 7pm"",0.0073"
"""Oct 30, 2025 8pm"",0.0055"
"""Oct 30, 2025 9pm"",0.008"
"""Oct 30, 2025 10pm"",0.0074"
"""Oct 30, 2025 11pm"",0.0072"
"""Oct 31, 2025 12am"",0.0029"
"""Oct 31, 2025 1am"",0.0041"
"""Oct 31, 2025 2am"",0.005"
"""Oct 31, 2025 3am"",0.008"
"""Oct 31, 2025 4am"",0.0028"
"""Oct 31, 2025 5am"",0.004"
"""Oct 31, 2025 6am"",0.0041"
"""Oct 31, 2025 7am"",0.0035"
"""Oct 31, 2025 8am"",0.0022"
"""Oct 31, 2025 9am"",0.0032"
"""Oct 31, 2025 10am"",0.0064"
"""Oct 31, 2025 11am"",0.0056"
"""Oct 31, 2025 12pm"",0.0038"
"""Oct 31, 2025 1pm"",0.0074"
"""Oct 31, 2025 2pm"",0.0018"
"""Oct 31, 2025 3pm"",0.0046"
"""Oct 31, 2025 4pm"",0.0077"
"""Oct 31, 2025 5pm"",0.0044"
"""Oct 31, 2025 6pm"",0.0056"
"""Oct 31, 2025 7pm"",0.0051"
"""Oct 31, 2025 8pm"",0.0049"
"""Oct 31, 2025 9pm"",0.0048"
"""Oct 31, 2025 10pm"",0.0052"
"""Oct 31, 2025 11pm"",0.0048"
"""Nov 1, 2025 12am"",0.0062"
"""Nov 1, 2025 1am"",0.0067"
"""Nov 1, 2025 2am"",0.0047"
"""Nov 1, 2025 3am"",0.0061"
"""Nov 1, 2025 4am"",0.0036"
"""Nov 1, 2025 5am"",0.002"
"""Nov 1, 2025 6am"",0.0057"
"""Nov 1, 2025 7am"",0.0038"
"""Nov 1, 2025 8am"",0.0047"
"""Nov 1, 2025 9am"",0.0051"
"""Nov 1, 2025 10am"",0.005"
"""Nov 1, 2025 11am"",0.0071"
"""Nov 1, 2025 12pm"",0.0047"
"""Nov 1, 2025 1pm"",0.004"
"""Nov 1, 2025 2pm"",0.0022"
"""Nov 1, 2025 3pm"",0.0047"
"""Nov 1, 2025 4pm"",0.0018"
"""Nov 1, 2025 5pm"",0.0039"
"""Nov 1, 2025 6pm"",0.0048"
"""Nov 1, 2025 7pm"",0.0026"
"""Nov 1, 2025 8pm"",0.005"
"""Nov 1, 2025 9pm"",0.0041"
"""Nov 1, 2025 10pm"",0.0061"
"""Nov 1, 2025 11pm"",0.0055"
"""Nov 2, 2025 12am"",0.0041"
"""Nov 2, 2025 1am"",0.0024"
"""Nov 2, 2025 2am"",0.0073"
"""Nov 2, 2025 3am"",0.0047"
"""Nov 2, 2025 4am"",0.0033"
"""Nov 2, 2025 5am"",0.0056"
"""Nov 2, 2025 6am"",0.0049"
"""Nov 2, 2025 7am"",0.0051"
"""Nov 2, 2025 8am"",0.003"
"""Nov 2, 2025 9am"",0.005"
"""Nov 2, 2025 10am"",0.0045"
"""Nov 2, 2025 11am"",0.0083"
"""Nov 2, 2025 12pm"",0.0082"
"""Nov 2, 2025 1pm"",0.0051"
"""Nov 2, 2025 2pm"",0.0066"
"""Nov 2, 2025 3pm"",0.0027"
"""Nov 2, 2025 4pm"",0.0022"
"""Nov 2, 2025 5pm"",0.0049"
"""Nov 2, 2025 6pm"",0.0051"
"""Nov 2, 2025 7pm"",0.0024"
"""Nov 2, 2025 8pm"",0.0037"
"""Nov 2, 2025 9pm"",0.0047"
"""Nov 2, 2025 10pm"",0.0061"
"""Nov 2, 2025 11pm"",0.0018"
"""Nov 3, 2025 12am"",0.0068"
"""Nov 3, 2025 1am"",0.0031"
"""Nov 3, 2025 2am"",0.0073"
"""Nov 3, 2025 3am"",0.0073"
"""Nov 3, 2025 4am"",0.0058"
"""Nov 3, 2025 5am"",0.0045"
"""Nov 3, 2025 6am"",0.003"
"""Nov 3, 2025 7am"",0.0043"
"""Nov 3, 2025 8am"",0.007"
"""Nov 3, 2025 9am"",0.0044"
"""Nov 3, 2025 10am"",0.0055"
"""Nov 3, 2025 11am"",0.007"
"""Nov 3, 2025 12pm"",0.0069"
"""Nov 3, 2025 1pm"",0.0075"
"""Nov 3, 2025 2pm"",0.0054"
"""Nov 3, 2025 3pm"",0.0053"
"""Nov 3, 2025 4pm"",0.002"
"""Nov 3, 2025 5pm"",0.0071"
"""Nov 3, 2025 6pm"",0.0079"
"""Nov 3, 2025 7pm"",0.008"
"""Nov 3, 2025 8pm"",0.0045"
"""Nov 3, 2025 9pm"",0.003"
"""Nov 3, 2025 10pm"",0.0022"
"""Nov 3, 2025 11pm"",0.0061"
"""Nov 4, 2025 12am"",0.003"
"""Nov 4, 2025 1am"",0.0061"
"""Nov 4, 2025 2am"",0.0066"
"""Nov 4, 2025 3am"",0.007"
"""Nov 4, 2025 4am"",0.0042"
"""Nov 4, 2025 5am"",0.0035"
"""Nov 4, 2025 6am"",0.0048"
"""Nov 4, 2025 7am"",0.0021"
"""Nov 4, 2025 8am"",0.003"
"""Nov 4, 2025 9am"",0.0049"
"""Nov 4, 2025 10am"",0.0037"
"""Nov 4, 2025 11am"",0.0041"
"""Nov 4, 2025 12pm"",0.003"
"""Nov 4, 2025 1pm"",0.0049"
"""Nov 4, 2025 2pm"",0.0034"
"""Nov 4, 2025 3pm"",0.0064"
"""Nov 4, 2025 4pm"",0.008"
"""Nov 4, 2025 5pm"",0.0063"
"""Nov 4, 2025 6pm"",0.0047"
"""Nov 4, 2025 7pm"",0.0046"
"""Nov 4, 2025 8pm"",0.0077"
"""Nov 4, 2025 9pm"",0.0055"
"""Nov 4, 2025 10pm"",0.0081"
"""Nov 4, 2025 11pm"",0.0062"
"""Nov 5, 2025 12am"",0.0061"
"""Nov 5, 2025 1am"",0.0065"
"""Nov 5, 2025 2am"",0.0074"
"""Nov 5, 2025 3am"",0.0036"
"""Nov 5, 2025 4am"",0.0072"
"""Nov 5, 2025 5am"",0.0064"
"""Nov 5, 2025 6am"",0.0045"
"""Nov 5, 2025 7am"",0.0028"
"""Nov 5, 2025 8am"",0.008"
"""Nov 5, 2025 9am"",0.0064"
"""Nov 5, 2025 10am"",0.006"
"""Nov 5, 2025 11am"",0.003"
"""Nov 5, 2025 12pm"",0.0057"
"""Nov 5, 2025 1pm"",0.0054"
"""Nov 5, 2025 2pm"",0.0059"
"""Nov 5, 2025 3pm"",0.0032"
"""Nov 5, 2025 4pm"",0.0032"
"""Nov 5, 2025 5pm"",0.0027"
"""Nov 5, 2025 6pm"",0.0029"
"""Nov 5, 2025 7pm"",0.0034"
"""Nov 5, 2025 8pm"",0.0045"
"""Nov 5, 2025 9pm"",0.0073"
"""Nov 5, 2025 10pm"",0.0056"
"""Nov 5, 2025 11pm"",0.0044"
"""Nov 6, 2025 12am"",0.005"
"""Nov 6, 2025 1am"",0.003"
"""Nov 6, 2025 2am"",0.0025"
"""Nov 6, 2025 3am"",0.0029"
"""Nov 6, 2025 4am"",0.0068"
"""Nov 6, 2025 5am"",0.003"
"""Nov 6, 2025 6am"",0.0046"
"""Nov 6, 2025 7am"",0.0067"
"""Nov 6, 2025 8am"",0.0041"
"""Nov 6, 2025 9am"",0.0036"
"""Nov 6, 2025 10am"",0.0053"
"""Nov 6, 2025 11am"",0.0028"
"""Nov 6, 2025 12pm"",0.0034"
"""Nov 6, 2025 1pm"",0.0065"
"""Nov 6, 2025 2pm"",0.0075"
"""Nov 6, 2025 3pm"",0.0071"
"""Nov 6, 2025 4pm"",0.008"
"""Nov 6, 2025 5pm"",0.0033"
"""Nov 6, 2025 6pm"",0.0035"
"""Nov 6, 2025 7pm"",0.0072"
"""Nov 6, 2025 8pm"",0.0066"
"""Nov 6, 2025 9pm"",0.0066"
"""Nov 6, 2025 10pm"",0.0061"
"""Nov 6, 2025 11pm"",0.0061"
"""Nov 7, 2025 12am"",0.0076"
"""Nov 7, 2025 1am"",0.0025"
"""Nov 7, 2025 2am"",0.0065"
"""Nov 7, 2025 3am"",0.0048"
"""Nov 7, 2025 4am"",0.0042"
"""Nov 7, 2025 5am"",0.0055"
"""Nov 7, 2025 6am"",0.0042"
"""Nov 7, 2025 7am"",0.0084"
"""Nov 7, 2025 8am"",0.0067"
"""Nov 7, 2025 9am"",0.0065"
"""Nov 7, 2025 10am"",0.0077"
"""Nov 7, 2025 11am"",0.0031"
"""Nov 7, 2025 12pm"",0.0078"
"""Nov 7, 2025 1pm"",0.0077"
"""Nov 7, 2025 2pm"",0.0037"
"""Nov 7, 2025 3pm"",0.0054"
"""Nov 7, 2025 4pm"",0.007"
"""Nov 7, 2025 5pm"",0.0042"
"""Nov 7, 2025 6pm"",0.0046"
"""Nov 7, 2025 7pm"",0.0048"
"""Nov 7, 2025 8pm"",0.0036"
"""Nov 7, 2025 9pm"",0.0069"
"""Nov 7, 2025 10pm"",0.0065"
"""Nov 7, 2025 11pm"",0.0053"
"""Nov 8, 2025 12am"",0.0068"
"""Nov 8, 2025 1am"",0.0024"
"""Nov 8, 2025 2am"",0.0079"
"""Nov 8, 2025 3am"",0.0031"
"""Nov 8, 2025 4am"",0.0039"
"""Nov 8, 2025 5am"",0.0032"
"""Nov 8, 2025 6am"",0.003"
"""Nov 8, 2025 7am"",0.0066"
"""Nov 8, 2025 8am"",0.0063"
"""Nov 8, 2025 9am"",0.0033"
"""Nov 8, 2025 10am"",0.0068"
"""Nov 8, 2025 11am"",0.0046"
"""Nov 8, 2025 12pm"",0.0029"
"""Nov 8, 2025 1pm"",0.0045"
"""Nov 8, 2025 2pm"",0.0022"
"""Nov 8, 2025 3pm"",0.0071"
"""Nov 8, 2025 4pm"",0.0033"
"""Nov 8, 2025 5pm"",0.0041"
"""Nov 8, 2025 6pm"",0.0037"
"""Nov 8, 2025 7pm"",0.0028"
"""Nov 8, 2025 8pm"",0.0048"
"""Nov 8, 2025 9pm"",0.0054"
"""Nov 8, 2025 10pm"",0.0056"
"""Nov 8, 2025 11pm"",0.005"
"""Nov 9, 2025 12am"",0.0083"
"""Nov 9, 2025 1am"",0.0052"
"""Nov 9, 2025 2am"",0.0061"
"""Nov 9, 2025 3am"",0.0066"
"""Nov 9, 2025 4am"",0.0067"
"""Nov 9, 2025 5am"",0.0057"
"""Nov 9, 2025 6am"",0.0046"
"""Nov 9, 2025 7am"",0.0024"
"""Nov 9, 2025 8am"",0.004"
"""Nov 9, 2025 9am"",0.0037"
"""Nov 9, 2025 10am"",0.0075"
"""Nov 9, 2025 11am"",0.0077"
"""Nov 9, 2025 12pm"",0.0062"
"""Nov 9, 2025 1pm"",0.0056"
"""Nov 9, 2025 2pm"",0.0038"
"""Nov 9, 2025 3pm"",0.0084"
"""Nov 9, 2025 4pm"",0.0061"
"""Nov 9, 2025 5pm"",0.0022"
"""Nov 9, 2025 6pm"",0.0066"
"""Nov 9, 2025 7pm"",0.0053"
"""Nov 9, 2025 8pm"",0.003"
"""Nov 9, 2025 9pm"",0.0073"
"""Nov 9, 2025 10pm"",0.0052"
"""Nov 9, 2025 11pm"",0.0051"
"""Nov 10, 2025 12am"",0.0045"
"""Nov 10, 2025 1am"",0.0073"
"""Nov 10, 2025 2am"",0.0072"
"""Nov 10, 2025 3am"",0.0053"
"""Nov 10, 2025 4am"",0.0041"
"""Nov 10, 2025 5am"",0.0068"
"""Nov 10, 2025 6am"",0.0074"
"""Nov 10, 2025 7am"",0.0068"
"""Nov 10, 2025 8am"",0.0022"
"""Nov 10, 2025 9am"",0.0063"
"""Nov 10, 2025 10am"",0.0072"
"""Nov 10, 2025 11am"",0.0083"
"""Nov 10, 2025 12pm"",0.0059"
"""Nov 10, 2025 1pm"",0.004"
"""Nov 10, 2025 2pm"",0.0059"
"""Nov 10, 2025 3pm"",0.0075"
"""Nov 10, 2025 4pm"",0.0032"
"""Nov 10, 2025 5pm"",0.0042"
"""Nov 10, 2025 6pm"",0.005"
"""Nov 10, 2025 7pm"",0.0049"
"""Nov 10, 2025 8pm"",0.0058"
"""Nov 10, 2025 9pm"",0.004"
"""Nov 10, 2025 10pm"",0.0021"
"""Nov 10, 2025 11pm"",0.0031"
"""Nov 11, 2025 12am"",0.0053"
"""Nov 11, 2025 1am"",0.0049"
"""Nov 11, 2025 2am"",0.004"
"""Nov 11, 2025 3am"",0.0051"
"""Nov 11, 2025 4am"",0.0054"
"""Nov 11, 2025 5am"",0.0041"
"""Nov 11, 2025 6am"",0.0018"
"""Nov 11, 2025 7am"",0.0041"
"""Nov 11, 2025 8am"",0.0048"
"""Nov 11, 2025 9am"",0.0028"
"""Nov 11, 2025 10am"",0.0074"
"""Nov 11, 2025 11am"",0.0068"
"""Nov 11, 2025 12pm"",0.0085"
"""Nov 11, 2025 1pm"",0.0064"
"""Nov 11, 2025 2pm"",0.0027"
"""Nov 11, 2025 3pm"",0.0047"
"""Nov 11, 2025 4pm"",0.0041"
"""Nov 11, 2025 5pm"",0.0061"
"""Nov 11, 2025 6pm"",0.0062"
"""Nov 11, 2025 7pm"",0.0023"
"""Nov 11, 2025 8pm"",0.004"
"""Nov 11, 2025 9pm"",0.0048"
"""Nov 11, 2025 10pm"",0.0051"
"""Nov 11, 2025 11pm"",0.0029"
"""Nov 12, 2025 12am"",0.0077"
"""Nov 12, 2025 1am"",0.0041"
"""Nov 12, 2025 2am"",0.0066"
"""Nov 12, 2025 3am"",0.0062"
"""Nov 12, 2025 4am"",0.0041"
"""Nov 12, 2025 5am"",0.0041"
"""Nov 12, 2025 6am"",0.0042"
"""Nov 12, 2025 7am"",0.0035"
"""Nov 12, 2025 8am"",0.0021"
"""Nov 12, 2025 9am"",0.0016"
"""Nov 12, 2025 10am"",0.0042"
"""Nov 12, 2025 11am"",0.0056"
"""Nov 12, 2025 12pm"",0.0067"
"""Nov 12, 2025 1pm"",0.0038"
"""Nov 12, 2025 2pm"",0.0046"
"""Nov 12, 2025 3pm"",0.0046"
"""Nov 12, 2025 4pm"",0.0063"
"""Nov 12, 2025 5pm"",0.0082"
"""Nov 12, 2025 6pm"",0.0037"
"""Nov 12, 2025 7pm"",0.0063"
"""Nov 12, 2025 8pm"",0.0032"
"""Nov 12, 2025 9pm"",0.0049"
"""Nov 12, 2025 10pm"",0.0064"
"""Nov 12, 2025 11pm"",0.0022"
"""Nov 13, 2025 12am"",0.0041"
"""Nov 13, 2025 1am"",0.0041"
"""Nov 13, 2025 2am"",0.0017"
"""Nov 13, 2025 3am"",0.0038"
"""Nov 13, 2025 4am"",0.0054"
"""Nov 13, 2025 5am"",0.004"
"""Nov 13, 2025 6am"",0.0075"
"""Nov 13, 2025 7am"",0.0057"
"""Nov 13, 2025 8am"",0.0057"
"""Nov 13, 2025 9am"",0.0024"
"""Nov 13, 2025 10am"",0.0061"
"""Nov 13, 2025 11am"",0.0084"
"""Nov 13, 2025 12pm"",0.0083"
"""Nov 13, 2025 1pm"",0.0028"
"""Nov 13, 2025 2pm"",0.0032"
"""Nov 13, 2025 3pm"",0.0044"
"""Nov 13, 2025 4pm"",0.0077"
"""Nov 13, 2025 5pm"",0.005"
"""Nov 13, 2025 6pm"",0.0059"
"""Nov 13, 2025 7pm"",0.0081"
"""Nov 13, 2025 8pm"",0.0065"
"""Nov 13, 2025 9pm"",0.0062"
"""Nov 13, 2025 10pm"",0.0065"
"""Nov 13, 2025 11pm"",0.0081"
"""Nov 14, 2025 12am"",0.0079"
"""Nov 14, 2025 1am"",0.0045"
"""Nov 14, 2025 2am"",0.0042"
"""Nov 14, 2025 3am"",0.0036"
"""Nov 14, 2025 4am"",0.0081"
"""Nov 14, 2025 5am"",0.0025"
"""Nov 14, 2025 6am"",0.0049"
"""Nov 14, 2025 7am"",0.0035"
"""Nov 14, 2025 8am"",0.0054"
"""Nov 14, 2025 9am"",0.0058"
"""Nov 14, 2025 10am"",0.0044"
"""Nov 14, 2025 11am"",0.0061"
"""Nov 14, 2025 12pm"",0.0058"
"""Nov 14, 2025 1pm"",0.0022"
"""Nov 14, 2025 2pm"",0.0033"
"""Nov 14, 2025 3pm"",0.0041"
"""Nov 14, 2025 4pm"",0.0016"
"""Nov 14, 2025 5pm"",0.0022"
"""Nov 14, 2025 6pm"",0.0018"
"""Nov 14, 2025 7pm"",0.0047"
"""Nov 14, 2025 8pm"",0.006"
"""Nov 14, 2025 9pm"",0.006"
"""Nov 14, 2025 10pm"",0.0025"
"""Nov 14, 2025 11pm"",0.0039"
"""Nov 15, 2025 12am"",0.0058"
"""Nov 15, 2025 1am"",0.0036"
"""Nov 15, 2025 2am"",0.0036"
